"Parameter","Mean","2.5%","50%","97.5%","Mode","MAP"
"p.S1S2",0.107785617583477,0.0968289923076683,0.107563199545941,0.120764041329093,0.106619081305661,0.107840950769931
"hr.S1",2.7082000096203,1.10109098654902,2.60301948063488,4.40933472428454,1.9401757116114,2.29705285710498
"hr.S2",9.58260273695272,7.27651740835901,9.59211660806298,11.953486788442,9.46619424127054,9.88677611356431
