"","Strategy","Cost","Effect","Inc_Cost","Inc_Effect","ICER","Status"
"1","No.Treatment",115200.513964407,19.9289832978523,NA,NA,NA,"ND"
"2","Treatment",214409.143923981,20.6186977198137,99208.6299595738,0.689714421961316,143840.155868363,"ND"
