"","Strategy","Cost","Effect","Inc_Cost","Inc_Effect","ICER","Status"
"1","No.Treatment",115632.06633532,19.9384506048662,NA,NA,NA,"ref"
"2","Treatment",214408.288189613,20.6256058996967,98776.2218542936,0.687155294830454,143746.577516608,"ND"
