"","Strategy","Cost","Effect","Inc_Cost","Inc_Effect","ICER","Status"
"1","No.Treatment",115668.533619559,19.8946510460374,NA,NA,NA,"ND"
"2","Treatment",215183.526879741,20.5849092878438,99514.9932601817,0.690258241806333,144170.67009553,"ND"
