"","Strategy","Cost","Effect","Inc_Cost","Inc_Effect","ICER","Status"
"1","No_Treatment",115732.110611909,19.9307534646674,NA,NA,NA,"ref"
"2","Treatment",215577.229816355,20.6174903474802,99845.1192044453,0.686736882812788,145390.646262499,"ND"
