"","Strategy","Cost","Effect","Inc_Cost","Inc_Effect","ICER","Status"
"1","No_Treatment",115594.712987812,19.9194040459627,NA,NA,NA,"ref"
"2","Treatment",213990.020322243,20.6073304290201,98395.3073344305,0.687926383057405,143031.73967122,"ND"
