"","Strategy","Cost","Effect","Inc_Cost","Inc_Effect","ICER","Status"
"1","No_Treatment",115484.584974813,19.9440673947845,NA,NA,NA,"ref"
"2","Treatment",213713.835423739,20.636829575085,98229.2504489266,0.692762180300448,141793.610047138,"ND"
