"","Strategy","Cost","Effect","Inc_Cost","Inc_Effect","ICER","Status"
"1","No.Treatment",115518.581216308,19.9345242965933,NA,NA,NA,"ND"
"2","Treatment",213729.59939047,20.6270765360654,98211.0181741619,0.692552239472096,141810.267264494,"ND"
