"","Strategy","Cost","Effect","Inc_Cost","Inc_Effect","ICER","Status"
"1","No_Treatment",115272.894806648,19.9510444147598,NA,NA,NA,"ref"
"2","Treatment",213513.863640652,20.6362218585914,98240.9688340032,0.685177443831641,143380.33120971,"ND"
