"","Strategy","Cost","Effect","Inc_Cost","Inc_Effect","ICER","Status"
"1","No.Treatment",115566.207992245,19.9035616471375,NA,NA,NA,"ND"
"2","Treatment",214744.94032324,20.5964753848275,99178.7323309948,0.692913737690041,143132.870567159,"ND"
