"","Strategy","Cost","Effect","Inc_Cost","Inc_Effect","ICER","Status"
"1","No_Treatment",115585.80633687,19.9122058758031,NA,NA,NA,"ref"
"2","Treatment",214467.120413302,20.6048198451545,98881.3140764329,0.692613969351392,142765.405336874,"ND"
