"","Strategy","Cost","Effect","Inc_Cost","Inc_Effect","ICER","Status"
"1","No_Treatment",115303.140253242,19.9669452033748,NA,NA,NA,"ref"
"2","Treatment",212739.753345129,20.6538480077295,97436.6130918871,0.686902804354656,141849.199732746,"ND"
