"","Strategy","Cost","Effect","Inc_Cost","Inc_Effect","ICER","Status"
"1","No.Treatment",115602.236017031,19.8951318438951,NA,NA,NA,"ND"
"2","Treatment",215106.476051897,20.5886697847144,99504.2400348659,0.693537940819304,143473.390824614,"ND"
