"","Strategy","Cost","Effect","Inc_Cost","Inc_Effect","ICER","Status"
"1","No.Treatment",115272.405172909,19.9208764324418,NA,NA,NA,"ND"
"2","Treatment",214281.097928281,20.6095080768831,99008.6927553718,0.688631644441379,143775.984671294,"ND"
