"","Strategy","Cost","Effect","Inc_Cost","Inc_Effect","ICER","Status"
"1","No.Treatment",115406.232922927,19.9198255722363,NA,NA,NA,"ND"
"2","Treatment",214278.662266511,20.6122754451177,98872.4293435843,0.692449872881451,142786.406952683,"ND"
