"","Strategy","Cost","Effect","Inc_Cost","Inc_Effect","ICER","Status"
"1","No_Treatment",116030.085391999,19.8880468355032,NA,NA,NA,"ref"
"2","Treatment",215300.477929534,20.5837724701219,99270.3925375351,0.695725634618679,142686.121651884,"ND"
